{
  "products": [
    {
      "name": "Dark Vader",
      "price": " $50",
      "image": "https://encrypted-tbn1.gstatic.com/shopping?q=tbn:ANd9GcTp3UYLe6vg7WFb01dn2MtVfaIgK7qdNhUnOB_8h1Fq71AuFpp_ycJQqEcx-FHneHsSR0bIwT-3iNL6cnvx0CriB8DQD0bmkRb0stlsDPFW&usqp=CAE",
      "id": "1"
    },
    {
      "name": "iron man",
      "price": " $80",
      "image": "https://encrypted-tbn0.gstatic.com/shopping?q=tbn:ANd9GcQYP-tM7KiSzva4zKC-_s29R8mwgb3ptbCNqT9PAFZtxOQiLsh2lFhOrhcJqKjxnbOVLUfbIAwryaVO22dipXP0RQRViipzhPwZXRFooHGkUGMobVAFuOC3vQ&usqp=CAE",
      "id": "2"
    },
    {
      "name": "joker",
      "price": " $100",
      "image": "https://m.media-amazon.com/images/I/618yJf1CSZL.jpg",
      "id": "3"
    },
    {
      "name": "batman",
      "price": " $80",
      "image": "https://encrypted-tbn1.gstatic.com/shopping?q=tbn:ANd9GcTNlkY98AKQbVDBfu4sWKXyIQK7bRFAWdvCprGj8NkveXo7jHZ6R_-bw_tT9sEfwfZjj1ci-jHTe0BLQ2t3YeixbgEQ7QCcgnqSTtARYQo&usqp=CAE",
      "id": "4"
    },
    {
      "id": "3507",
      "name": "Deadpool",
      "price": " $50",
      "image": "https://m.media-amazon.com/images/I/61+1j7v1T6L.jpg"
    },
    {
      "id": "5d5f",
      "name": "harry Potter",
      "price": "25",
      "image": "https://http2.mlstatic.com/D_NQ_NP_723643-MCO47768166460_102021-O.webp"
    },
    {
      "id": "17af",
      "name": "five nights ",
      "price": "55",
      "image": "https://m.media-amazon.com/images/I/61COgrrEkDL._AC_UF894,1000_QL80_.jpg"
    }
  ]
}